{"cameraMode":{"drawMode":0,"name":"Shaded","section":"Shading Mode"},"sceneLighting":false,"audioPlay":false,"sceneViewState":{"m_AlwaysRefresh":false,"showFog":true,"showSkybox":false,"showFlares":true,"showImageEffects":true,"showParticleSystems":true,"showVisualEffectGraphs":true,"m_FxEnabled":true},"in2DMode":false,"pivot":{"x":-0.14278192818164826,"y":0.009197533130645752,"z":-4.246830940246582e-7},"rotation":{"x":-0.40123891830444338,"y":-0.2420026808977127,"z":0.11081398278474808,"w":-0.8764904141426086},"size":0.5635989308357239,"orthographic":false}