{"cameraMode":{"drawMode":0,"name":"Shaded","section":"Shading Mode"},"sceneLighting":true,"audioPlay":false,"sceneViewState":{"m_AlwaysRefresh":false,"showFog":true,"showSkybox":true,"showFlares":true,"showImageEffects":true,"showParticleSystems":true,"showVisualEffectGraphs":true,"m_FxEnabled":true},"in2DMode":false,"pivot":{"x":0.0517108254134655,"y":0.0026431316509842874,"z":-0.1802145391702652},"rotation":{"x":0.03260336443781853,"y":0.9569857120513916,"z":-0.26268336176872256,"w":0.11857983469963074},"size":1.4588704109191895,"orthographic":false}