{"cameraMode":{"drawMode":0,"name":"Shaded","section":"Shading Mode"},"sceneLighting":true,"audioPlay":false,"sceneViewState":{"m_AlwaysRefresh":false,"showFog":true,"showSkybox":true,"showFlares":true,"showImageEffects":true,"showParticleSystems":true,"showVisualEffectGraphs":true,"m_FxEnabled":true},"in2DMode":false,"pivot":{"x":1183.88037109375,"y":688.6131591796875,"z":480.88970947265627},"rotation":{"x":-0.07073649764060974,"y":-0.020667096599936487,"z":0.0014734701253473759,"w":-0.997288167476654},"size":993.8518676757813,"orthographic":false}