{"cameraMode":{"drawMode":0,"name":"Shaded","section":"Shading Mode"},"sceneLighting":true,"audioPlay":false,"sceneViewState":{"m_AlwaysRefresh":false,"showFog":true,"showSkybox":true,"showFlares":true,"showImageEffects":true,"showParticleSystems":true,"showVisualEffectGraphs":true,"m_FxEnabled":true},"in2DMode":false,"pivot":{"x":4.4409637451171879,"y":1.1458821296691895,"z":0.2213737964630127},"rotation":{"x":-0.23734357953071595,"y":-0.07066631317138672,"z":0.01763051003217697,"w":-0.9686837196350098},"size":5.222804069519043,"orthographic":false}