{"cameraMode":{"drawMode":0,"name":"Shaded","section":"Shading Mode"},"sceneLighting":true,"audioPlay":false,"sceneViewState":{"m_AlwaysRefresh":false,"showFog":true,"showSkybox":true,"showFlares":true,"showImageEffects":true,"showParticleSystems":true,"showVisualEffectGraphs":true,"m_FxEnabled":true},"in2DMode":false,"pivot":{"x":-0.10907876491546631,"y":-1.915503978729248,"z":-0.7208197116851807},"rotation":{"x":-0.5075002312660217,"y":0.03560679778456688,"z":-0.020501798018813134,"w":-0.8605872392654419},"size":12.669051170349121,"orthographic":false}