{"cameraMode":{"drawMode":0,"name":"Shaded","section":"Shading Mode"},"sceneLighting":true,"audioPlay":false,"sceneViewState":{"m_AlwaysRefresh":false,"showFog":true,"showSkybox":true,"showFlares":true,"showImageEffects":true,"showParticleSystems":true,"showVisualEffectGraphs":true,"m_FxEnabled":true},"in2DMode":false,"pivot":{"x":0.1746521294116974,"y":-0.29416215419769289,"z":2.5460290908813478},"rotation":{"x":-0.12306948751211167,"y":-0.4235649108886719,"z":0.05873870104551315,"w":-0.8954459428787231},"size":5.129937648773193,"orthographic":false}