{"cameraMode":{"drawMode":0,"name":"Shaded","section":"Shading Mode"},"sceneLighting":true,"audioPlay":false,"sceneViewState":{"m_AlwaysRefresh":false,"showFog":true,"showSkybox":true,"showFlares":true,"showImageEffects":true,"showParticleSystems":true,"showVisualEffectGraphs":true,"m_FxEnabled":true},"in2DMode":false,"pivot":{"x":-1.1080124378204346,"y":0.4963322877883911,"z":-1.9581122398376465},"rotation":{"x":-0.4852167069911957,"y":-0.04257115721702576,"z":0.024012641981244088,"w":-0.8729945421218872},"size":3.408154010772705,"orthographic":false}