{"cameraMode":{"drawMode":0,"name":"Shaded","section":"Shading Mode"},"sceneLighting":true,"audioPlay":false,"sceneViewState":{"m_AlwaysRefresh":false,"showFog":true,"showSkybox":true,"showFlares":true,"showImageEffects":true,"showParticleSystems":true,"showVisualEffectGraphs":true,"m_FxEnabled":true},"in2DMode":false,"pivot":{"x":1183.88037109375,"y":688.6131591796875,"z":480.88970947265627},"rotation":{"x":-0.05725406855344772,"y":-0.029667498543858529,"z":0.001709786127321422,"w":-0.9979264736175537},"size":993.8518676757813,"orthographic":false}