{"cameraMode":{"drawMode":0,"name":"Shaded","section":"Shading Mode"},"sceneLighting":true,"audioPlay":false,"sceneViewState":{"m_AlwaysRefresh":false,"showFog":true,"showSkybox":true,"showFlares":true,"showImageEffects":true,"showParticleSystems":true,"showVisualEffectGraphs":true,"m_FxEnabled":true},"in2DMode":false,"pivot":{"x":0.1746521294116974,"y":-0.29416215419769289,"z":2.5460290908813478},"rotation":{"x":-0.3901132643222809,"y":0.009002219885587693,"z":-0.003363571362569928,"w":-0.9206255674362183},"size":7.414555549621582,"orthographic":false}