{"cameraMode":{"drawMode":0,"name":"Shaded","section":"Shading Mode"},"sceneLighting":true,"audioPlay":false,"sceneViewState":{"m_AlwaysRefresh":false,"showFog":true,"showSkybox":true,"showFlares":true,"showImageEffects":true,"showParticleSystems":true,"showVisualEffectGraphs":true,"m_FxEnabled":true},"in2DMode":false,"pivot":{"x":12.147786140441895,"y":0.333333283662796,"z":5.9867329597473148},"rotation":{"x":-0.22050967812538148,"y":0.1303223967552185,"z":-0.029805300757288934,"w":-0.9661549925804138},"size":2.2974860668182375,"orthographic":false}