{"cameraMode":{"drawMode":0,"name":"Shaded","section":"Shading Mode"},"sceneLighting":true,"audioPlay":false,"sceneViewState":{"m_AlwaysRefresh":false,"showFog":true,"showSkybox":true,"showFlares":true,"showImageEffects":true,"showParticleSystems":true,"showVisualEffectGraphs":true,"m_FxEnabled":true},"in2DMode":false,"pivot":{"x":-23.231658935546876,"y":0.13053059577941895,"z":-12.993684768676758},"rotation":{"x":-0.20191335678100587,"y":0.6965603232383728,"z":-0.2141815721988678,"w":-0.6541961431503296},"size":7.150338172912598,"orthographic":false}