{"cameraMode":{"drawMode":0,"name":"Shaded","section":"Shading Mode"},"sceneLighting":true,"audioPlay":false,"sceneViewState":{"m_AlwaysRefresh":false,"showFog":true,"showSkybox":true,"showFlares":true,"showImageEffects":true,"showParticleSystems":true,"showVisualEffectGraphs":true,"m_FxEnabled":true},"in2DMode":false,"pivot":{"x":-0.2594687044620514,"y":0.6253446340560913,"z":0.9612499475479126},"rotation":{"x":-0.14432094991207124,"y":0.8466792106628418,"z":-0.28885868191719057,"w":-0.42284730076789858},"size":1.16551673412323,"orthographic":false}