{"cameraMode":{"drawMode":0,"name":"Shaded","section":"Shading Mode"},"sceneLighting":true,"audioPlay":false,"sceneViewState":{"m_AlwaysRefresh":false,"showFog":true,"showSkybox":true,"showFlares":true,"showImageEffects":true,"showParticleSystems":true,"showVisualEffectGraphs":true,"m_FxEnabled":true},"in2DMode":false,"pivot":{"x":3.3611369132995607,"y":5.282426357269287,"z":0.4722740650177002},"rotation":{"x":-0.08010150492191315,"y":-0.07261188328266144,"z":0.0057892813347280029,"w":-0.9940927028656006},"size":1.5788742303848267,"orthographic":false}