{"cameraMode":{"drawMode":0,"name":"Shaded","section":"Shading Mode"},"sceneLighting":true,"audioPlay":false,"sceneViewState":{"m_AlwaysRefresh":false,"showFog":true,"showSkybox":true,"showFlares":true,"showImageEffects":true,"showParticleSystems":true,"showVisualEffectGraphs":true,"m_FxEnabled":true},"in2DMode":false,"pivot":{"x":0.9083739519119263,"y":-0.9384310245513916,"z":0.6795175075531006},"rotation":{"x":-0.4740496277809143,"y":0.11236518621444702,"z":-0.060784485191106799,"w":-0.8711659908294678},"size":8.396934509277344,"orthographic":false}