{"cameraMode":{"drawMode":0,"name":"Shaded","section":"Shading Mode"},"sceneLighting":true,"audioPlay":false,"sceneViewState":{"m_AlwaysRefresh":false,"showFog":true,"showSkybox":true,"showFlares":true,"showImageEffects":true,"showParticleSystems":true,"showVisualEffectGraphs":true,"m_FxEnabled":true},"in2DMode":false,"pivot":{"x":-2.000584363937378,"y":-1.0358757972717286,"z":0.6222972869873047},"rotation":{"x":-0.4485279321670532,"y":-0.02344514988362789,"z":0.012124805711209774,"w":-0.893371045589447},"size":3.9146103858947756,"orthographic":false}