{"cameraMode":{"drawMode":0,"name":"Shaded","section":"Shading Mode"},"sceneLighting":true,"audioPlay":false,"sceneViewState":{"m_AlwaysRefresh":false,"showFog":true,"showSkybox":true,"showFlares":true,"showImageEffects":true,"showParticleSystems":true,"showVisualEffectGraphs":true,"m_FxEnabled":true},"in2DMode":false,"pivot":{"x":1.137176513671875,"y":5.991418838500977,"z":3.5329442024230959},"rotation":{"x":-0.04137672856450081,"y":0.020069347694516183,"z":-0.00088977295672521,"w":-0.9989137649536133},"size":6.100317001342773,"orthographic":false}