{"cameraMode":{"drawMode":0,"name":"Shaded","section":"Shading Mode"},"sceneLighting":true,"audioPlay":false,"sceneViewState":{"m_AlwaysRefresh":false,"showFog":true,"showSkybox":true,"showFlares":true,"showImageEffects":true,"showParticleSystems":true,"showVisualEffectGraphs":true,"m_FxEnabled":true},"in2DMode":false,"pivot":{"x":3.1170554161071779,"y":0.8947124481201172,"z":0.32155513763427737},"rotation":{"x":0.5525904297828674,"y":-0.09452887624502182,"z":0.06328549981117249,"w":0.8256556391716003},"size":10.614702224731446,"orthographic":false}