{"cameraMode":{"drawMode":0,"name":"Shaded","section":"Shading Mode"},"sceneLighting":false,"audioPlay":false,"sceneViewState":{"m_AlwaysRefresh":false,"showFog":true,"showSkybox":false,"showFlares":true,"showImageEffects":true,"showParticleSystems":true,"showVisualEffectGraphs":true,"m_FxEnabled":true},"in2DMode":false,"pivot":{"x":-2.0570785999298097,"y":0.002785399556159973,"z":-0.1749693751335144},"rotation":{"x":-0.4001978635787964,"y":0.09933115541934967,"z":-0.04336703568696976,"w":-0.9099617004394531},"size":0.6381270885467529,"orthographic":false}