{"cameraMode":{"drawMode":0,"name":"Shaded","section":"Shading Mode"},"sceneLighting":false,"audioPlay":false,"sceneViewState":{"m_AlwaysRefresh":false,"showFog":true,"showSkybox":false,"showFlares":true,"showImageEffects":true,"showParticleSystems":true,"showVisualEffectGraphs":true,"m_FxEnabled":true},"in2DMode":false,"pivot":{"x":2.384185791015625e-7,"y":0.9350502490997315,"z":-0.035343751311302188},"rotation":{"x":-0.05465652421116829,"y":-0.9355359077453613,"z":0.30672287940979006,"w":-0.1667574644088745},"size":1.3522655963897706,"orthographic":false}