{"cameraMode":{"drawMode":0,"name":"Shaded","section":"Shading Mode"},"sceneLighting":false,"audioPlay":false,"sceneViewState":{"m_AlwaysRefresh":false,"showFog":true,"showSkybox":false,"showFlares":true,"showImageEffects":true,"showParticleSystems":true,"showVisualEffectGraphs":true,"m_FxEnabled":true},"in2DMode":false,"pivot":{"x":8.381903171539307e-8,"y":0.000020030885934829712,"z":0.27353790402412417},"rotation":{"x":-0.40123891830444338,"y":-0.2420026808977127,"z":0.11081398278474808,"w":-0.8764904141426086},"size":0.2761591970920563,"orthographic":false}