{"cameraMode":{"drawMode":0,"name":"Shaded","section":"Shading Mode"},"sceneLighting":false,"audioPlay":false,"sceneViewState":{"m_AlwaysRefresh":false,"showFog":true,"showSkybox":false,"showFlares":true,"showImageEffects":true,"showParticleSystems":true,"showVisualEffectGraphs":true,"m_FxEnabled":true},"in2DMode":false,"pivot":{"x":0.005000054836273193,"y":-0.002500005066394806,"z":-0.1742079257965088},"rotation":{"x":-0.05890205502510071,"y":-0.9357150197029114,"z":0.1886054128408432,"w":-0.2922249436378479},"size":0.5539343357086182,"orthographic":false}