{"cameraMode":{"drawMode":0,"name":"Shaded","section":"Shading Mode"},"sceneLighting":false,"audioPlay":false,"sceneViewState":{"m_AlwaysRefresh":false,"showFog":true,"showSkybox":false,"showFlares":true,"showImageEffects":true,"showParticleSystems":true,"showVisualEffectGraphs":true,"m_FxEnabled":true},"in2DMode":false,"pivot":{"x":-0.32048648595809939,"y":1.3471009731292725,"z":0.6184544563293457},"rotation":{"x":0.0011725418735295535,"y":-0.9988136291503906,"z":0.03687094524502754,"w":0.03176906704902649},"size":1.7256804704666138,"orthographic":false}