{"cameraMode":{"drawMode":0,"name":"Shaded","section":"Shading Mode"},"sceneLighting":false,"audioPlay":false,"sceneViewState":{"m_AlwaysRefresh":false,"showFog":false,"showSkybox":false,"showFlares":false,"showImageEffects":false,"showParticleSystems":false,"showVisualEffectGraphs":true,"m_FxEnabled":true},"in2DMode":false,"pivot":{"x":0.06291162967681885,"y":0.8400157690048218,"z":0.0025266557931900026},"rotation":{"x":-0.044316455721855167,"y":-0.955714225769043,"z":0.20401433110237122,"w":-0.20759464800357819},"size":1.19447660446167,"orthographic":false}