{"cameraMode":{"drawMode":0,"name":"Shaded","section":"Shading Mode"},"sceneLighting":false,"audioPlay":false,"sceneViewState":{"m_AlwaysRefresh":false,"showFog":true,"showSkybox":false,"showFlares":true,"showImageEffects":true,"showParticleSystems":true,"showVisualEffectGraphs":true,"m_FxEnabled":true},"in2DMode":false,"pivot":{"x":0.43565845489501955,"y":3.668076515197754,"z":0.12862586975097657},"rotation":{"x":-0.21946761012077332,"y":-0.43291956186294558,"z":0.10955464839935303,"w":-0.8674627542495728},"size":5.704328536987305,"orthographic":false}